file,ID,hue,distance,r,g,b
f1.jpg,0,33.49843713,4.625629655,78.70289855,65.39130435,48.56521739
f2.jpg,0,36.11277746,4.002221605,65.72164948,55.45876289,39.94329897
f3.jpg,0,34.80632166,5.002777007,69.98550725,60.16666667,46.60144928
f4.jpg,0,35.73815207,3.877015605,64.20183486,53.32110092,37.29357798
f6.jpg,0,35.85172424,3.231607687,67.05700713,50.96437055,27.07244656
f7.jpg,0,37.92599805,4.131047895,68.21971496,54.75771971,31.62826603
f8.jpg,0,36.33587789,3.650241504,42.28497409,35.86010363,25.99481865
f9.jpg,0,39.53188999,5.522680509,107.76,96.1,73.58
f11.jpg,0,33.50000002,3.681787006,59.10869565,49.89130435,38.23913043
f12.jpg,0,36.24573378,5.829534379,60.64035088,54.53508772,45.21929825
f13.jpg,0,36.8574402,3.784308081,102.5405405,87.51351351,63.58108108
f14.jpg,0,34.99469777,4.257346591,116.16,100.44,78.44
f16.jpg,0,31.65202108,3.096252067,76.07894737,61.92982456,46.13157895
f17.jpg,0,37.54087194,3.805259518,95.48888889,83.27777778,62.86666667
f18.jpg,0,34.45676274,3.805259518,100.5888889,87.78888889,70.52222222
f19.jpg,0,40.78364567,3.640906254,61.80701754,55.21052632,41.21052632
f21.jpg,0,38.91289668,4.019950248,90.71111111,79.14444444,57.8
f22.jpg,0,37.95302013,4.204759208,86.75555556,74.58888889,53.64444444
f23.jpg,0,35.46503735,4.310438685,79.85507246,66.76086957,47.83333333
f24.jpg,0,33.46786833,3.868964834,74.34020619,62.70618557,48.03092784
f26.jpg,0,33.98885929,3.735713527,61.05670103,51.82989691,39.77319588
f27.jpg,0,37.19054764,2.82404083,49.59954751,40.42760181,25.47285068
f28.jpg,0,38.94552791,3.648955863,65.18217054,55.06976744,36.36434109
f29.jpg,0,35.59347366,4,58.45341615,48.31055901,33.51863354
f31.jpg,0,35.25618883,4,48.27593361,39.35892116,26.65352697
f32.jpg,0,38.14149509,3.134042473,39.98379052,33.40897756,21.93640898
f33.jpg,0,34.06679764,4.464190193,51.02901024,41.64334471,29.31399317
f34.jpg,0,34.70684742,4.606674862,52.83497053,43.24361493,30.08251473
f36.jpg,0,39.10171608,4.371755357,67.32808023,56.54011461,36.35530086
f37.jpg,0,39.59620094,4.51232879,66.77710843,55.34538153,33.16064257
f38.jpg,0,37.2113943,4.596163243,67.1761658,55.3626943,36.07253886
f39.jpg,0,35.70397501,4.798405085,66.24137931,53.27931034,34.23103448
f41.jpg,0,35.14139444,4.949522985,86.72164948,69.20103093,44.43298969
f42.jpg,0,31.66441137,4.506939094,147.58,119.66,88.46
f43.jpg,0,40.00799041,4.506939094,110.5,93.82,60.44
f44.jpg,0,28.15402938,3.822508371,123.9210526,88.73684211,57.63157895
f46.jpg,0,34.04225102,4.133333333,64.60309278,52.04123711,35.56701031
f47.jpg,0,30.96655791,3.766543669,54.76356589,45.56589147,35.75581395
f48.jpg,0,39.36242254,4.743054991,58.05230769,49.76923077,33.97076923
f49.jpg,0,31.41975309,4.274991878,79.29896907,64.97938144,49.2371134
f51.jpg,0,38.96784438,4.756574398,109.26,91.6,58.88
f52.jpg,0,36.55451966,4.506939094,123.2,103.92,73.86
f53.jpg,0,34.56614509,3.6,108.8,88.93333333,61.93333333
f54.jpg,0,40.26104418,3.8,90.1,79.17777778,56.9
f56.jpg,0,40.92775665,5.721424113,126.7619048,106.8571429,64.14285714
f57.jpg,0,40.63854048,3.288818409,75.85955056,64.73033708,41.37078652
f58.jpg,0,40.8085942,2.705882353,68.96124031,58.22868217,35.40697674
f59.jpg,0,33.96327014,4.4,90.33333333,74.05555556,52.82222222
f61.jpg,0,43.53294798,4.181818182,84.88596491,74.47368421,46.94736842
f62.jpg,0,45.59520411,4.604345773,92.64444444,83.3,53.72222222
f63.jpg,0,39.90928996,4.181818182,107.5087719,88.72807018,51.42105263
f64.jpg,0,32.86435506,2.953916651,79.13989637,58.02072539,32.44300518
f66.jpg,0,34.62208739,2.910511017,61.19683258,46.37104072,26.14479638
f67.jpg,0,34.51418745,4.428571429,106.2078652,81.23033708,47.40449438
f68.jpg,0,36.76500928,3.584302195,44.53413655,36.99598394,25.06827309
f69.jpg,0,34.33020267,4.065578141,46.83710407,39.00452489,28.52941176
f71.jpg,0,35.34777451,4.347016416,57.99329759,45.45844504,27.48525469
f72.jpg,0,30.4582719,5.45589209,52.81595092,44.2801636,35.4795501
f73.jpg,0,36.65845465,5.220746915,53.97511312,46.11538462,33.77149321
f74.jpg,0,36.44125106,4.957284457,40.71161826,34.92946058,25.98547718
f76.jpg,0,36.06617647,3.682509211,36.97980998,30.79453682,21.47387173
f77.jpg,0,35.69909729,3.585133972,44.79503106,38.52484472,29.3136646
f78.jpg,0,36.68289714,5.233031185,80.20289855,70.94927536,56.39130435
f79.jpg,0,34.7697437,3.910769444,54.12790698,46.30620155,35.52713178
f81.jpg,0,40.1986755,5.721424113,119.0238095,104.7857143,75.88095238
f82.jpg,0,35.41463415,5.055937104,81.34,74.62,64.94
f83.jpg,0,37.51235585,6.411794687,107.0952381,96.26190476,78.19047619
f84.jpg,0,37.5659824,4.776243294,104.4,94.2,77.12
f86.jpg,0,31.2903693,3.184162196,96.99275362,73.05072464,46.95652174
f87.jpg,0,35.37414966,3.337497399,112.115942,88.50724638,54.5942029
f88.jpg,0,37.83118406,4.004996879,125.1444444,104.1333333,68.27777778
f89.jpg,0,36.79459459,3.454545455,81.71052632,69.15789474,49.25438596
f91.jpg,0,35.34246575,3.820994635,110.3666667,88.36666667,56.83333333
f92.jpg,0,34.44852941,2.718042513,64.42696629,52.71348315,36.92134831
f93.jpg,0,40.10306968,3.211091888,60.10309278,52.4742268,37.09793814
f94.jpg,0,33.16523287,2.639986569,94.26086957,66.16770186,31.44720497
f96.jpg,0,30.03355926,3.597050946,130.258427,87.61797753,44.88202247
f97.jpg,0,29.38646352,2.941176471,101.8255814,68.07751938,35.68217054
f98.jpg,0,35.27319073,3.134984051,123.5642202,89.44954128,40.78440367
f99.jpg,0,34.41776007,2.395755616,50.79863481,38.37713311,21.66552901
f101.jpg,0,35.9771804,3.383191301,66.03416149,51.64906832,30.10559006
f102.jpg,0,32.9778507,3.677294025,73.0620155,56.03875969,35.26356589
f103.jpg,0,35.50417582,4.57016702,69.72981366,55.30745342,34.40372671
f104.jpg,0,35.2985935,3.259259259,68.92461538,52.44307692,28.89076923
f106.jpg,0,36.26188684,3.775355365,55.35892116,43.36099585,25.03319502
f107.jpg,0,33.62019989,3.140586132,56.16819222,41.82379863,23.5423341
f108.jpg,0,34.94933702,4.064422622,69.63729977,53.74942792,31.58352403
f109.jpg,0,35.8945348,4.001952648,62.37643021,48.72540046,28.39816934
f111.jpg,0,37.6914108,3.340732529,45.54307692,36.71230769,21.79230769
f112.jpg,0,35.46290091,3.760850968,69.57400722,54.1534296,31.86642599
f113.jpg,0,32.42714831,3.670452591,142.2826087,106.5144928,64.44927536
f114.jpg,0,25.98732841,3.230769231,151.8188406,105.1376812,69.47101449
f116.jpg,0,31.76708451,4.3674226,127.7280702,97.10526316,62.64912281
f117.jpg,0,35.08313934,2.941176471,83.25581395,63.89534884,36.63565891
f118.jpg,0,32.86952484,3.748250621,81.94137931,61.79310345,37.38275862
f119.jpg,0,34.89974852,4.735133325,64.45022624,50.52488688,31.16289593
f121.jpg,0,31.51685393,5.150787536,125.4047619,105.2857143,83.02380952
f122.jpg,0,38.18877551,4.444444444,121.1216216,105.7162162,78.74324324
f123.jpg,0,34.61977658,4.002550207,117.4382022,88.71910112,49.54494382
f124.jpg,0,32.30238574,5.272727273,76.63157895,62.54385965,46.11403509
f126.jpg,0,34.92551619,4.326661531,83.13898917,64.25090253,37.94223827
f127.jpg,0,38.05194805,7.211102551,129,119.6111111,103.3333333
f130.jpg,0,36.09195402,9.208691547,126.5,114.9444444,97.5
f131.jpg,0,36.85557587,8.836288814,127.8888889,116.1666667,97.5
f133.jpg,0,36.38636364,6.725664867,105.9864865,91.94594595,70.31081081
f134.jpg,0,34.99493414,7.463409364,83.42105263,72.59649123,57.44736842
f135.jpg,0,41.07142857,5.507167047,62.46391753,54.54123711,37.35051546
f136.jpg,0,41.02564103,4.001133626,44.8134715,38.7746114,25.71761658
f138.jpg,0,41.47797597,6.013318551,85.86666667,76.44444444,55.34444444
f139.jpg,0,39.35064935,6.851601597,79.06521739,69.84782609,52.2826087
f141.jpg,0,25.29274005,5.755432217,150.16,110.64,81.84
f142.jpg,0,25.42948839,4.617358552,136.4777778,102.5666667,77.62222222
f144.jpg,0,39.33297326,4.336537277,100.0289855,81.54347826,46.36231884
f146.jpg,0,39.78705281,3.503966007,81.94927536,70.48550725,47.92028986
f147.jpg,0,33.19489509,2.716093266,96.71317829,72.69767442,42.95736434
f148.jpg,0,34.24905343,3.006659276,75.78531073,58.49435028,35.49717514
f150.jpg,0,28.74576271,6,104.6904762,93.71428571,83.61904762
f151.jpg,0,37.63164894,2.3,76.77118644,60.93220339,34.28531073
f152.jpg,0,38.16704853,2.666666667,81.9862069,63.9137931,32.32068966
f154.jpg,0,39.39813422,4.928482609,59.45733788,49.721843,31.10409556
f156.jpg,0,35.52755906,6.666666667,103.5952381,91.26190476,73.35714286
f157.jpg,0,43.77375166,4,87.92222222,81.12222222,62.77777778
f158.jpg,0,40.39250669,4.004996879,106.0888889,93.87777778,68.72222222
f159.jpg,0,35.74324324,4.019950248,86.97777778,79,67.24444444
f161.jpg,0,34.565001,2.365383969,59.5158371,45.06334842,25.42307692
f162.jpg,0,36.34385201,3.252402958,100.5458716,80.60091743,49.9587156
f163.jpg,0,39.87504662,3.25,94.72477064,78.22477064,45.53211009
f164.jpg,0,40.15055468,3.252402958,99.04587156,83.72477064,52.73394495
f166.jpg,0,36.14687649,4.8,78.80412371,65.91237113,46.37628866
f167.jpg,0,35.43608124,4.24182503,79.53875969,63.60077519,40.60852713
f168.jpg,0,39.86996973,4.736842105,58.75465839,49.45962733,31.04968944
f169.jpg,0,39.13122584,4.154558344,46.80887372,38.97952218,24.29863481
f171.jpg,0,39.34384591,4.496802705,35.74689266,30.23333333,19.73163842
f172.jpg,0,36.35868883,5.62907902,49.47247706,40.83761468,27.55779817
f173.jpg,0,32.16108905,3.818181818,75.27192982,60.92105263,44.34210526
f174.jpg,0,37.09509455,4.2,94.52222222,79.04444444,53.97777778
f176.jpg,0,35.76887038,4.133333333,46.33167082,36.65835411,22.37905237
f177.jpg,0,34.35607676,4.236927789,74.30232558,58.76356589,37.94573643
f178.jpg,0,34.62017804,3.789473684,100.2142857,73.65217391,37.41925466
f179.jpg,0,33.38528284,3.363636364,87.59502262,63.76923077,33.88235294
f181.jpg,0,37.35662898,5.333984335,48.82128514,41.44779116,29.28313253
f182.jpg,0,34.58736619,4.954038756,47.80200861,38.91822095,26.82711621
f183.jpg,0,37.23917672,5.883784194,50.11451943,42.46319018,29.94478528
c1.jpg,1,178.2077922,5.011098793,95.04761905,113.3809524,112.8333333
c3.jpg,1,198.0487805,4.580348441,86.35714286,96.5952381,101
c4.jpg,1,191.3780919,4.865538962,117.5,133.8809524,137.7142857
c5.jpg,1,202.2101449,4.25,77.84,98.7,110.96
c6.jpg,1,209.0909091,5.676462122,84.57142857,93.07142857,101.0714286
c8.jpg,1,198.3707865,6.254998002,81.7,91.58,95.94
c9.jpg,1,202.5617386,4.484498483,58.99612403,66.34108527,70.76744186
c10.jpg,1,200.0499328,4.458254486,52.74660633,60.59049774,64.52714932
c11.jpg,1,210.1013894,4.364583231,44.10633484,50.11085973,56.1561086
c13.jpg,1,200.238806,4.638404133,61.76086957,68.19565217,71.47101449
c14.jpg,1,189.8181818,8.514693183,115.8333333,136.2777778,140.2777778
c15.jpg,1,195.269168,4.865538962,110.3809524,132.1428571,139.5714286
c16.jpg,1,172.0065789,4.222222222,66.77027027,83.2027027,81.01351351
c18.jpg,1,176.7127203,4.204759208,92.62222222,139.2666667,136.7111111
c19.jpg,1,180.2528682,3.856946079,85.35964912,122.6666667,122.8245614
c20.jpg,1,183.8349515,4.727272727,82.79824561,133.5438596,137.0087719
c21.jpg,1,180.5576884,4.011816865,76.8115942,112.3405797,112.673913
c23.jpg,1,170.9269474,4.141926551,72.45876289,110.7731959,104.9793814
c24.jpg,1,201.5380605,3.668349782,37.86206897,46.34137931,51.08965517
c25.jpg,1,182.9797378,4.235359678,49.13103448,57.37931034,57.81034483
c26.jpg,1,188.3596927,4.38731361,50.05972696,59.8105802,61.3890785
c28.jpg,1,186.379624,4.008879034,60.89175258,83.68041237,86.39175258
c29.jpg,1,207.0301747,4.844813951,63.82608696,71.34782609,77.51449275
c30.jpg,1,162.575188,4.5,98.36,119.64,113.46
c33.jpg,1,196.7070218,5.25,82.38,88.34,90.64
c35.jpg,1,198.5895118,4.000945068,37.68049793,44.80705394,48.00622407
c36.jpg,1,209.2784257,4.281422487,36.37330317,42.73076923,48.78959276
c37.jpg,1,201.0040161,3.74014142,39.65352697,45.69709544,48.95228216
c38.jpg,1,206.2163778,5.076923077,68.03623188,74.86231884,80.15942029
c41.jpg,1,179.9525692,5.337960955,87.36486486,104.4594595,104.4459459
c42.jpg,1,188.9838241,4.197598684,60.16666667,78.14912281,81.31578947
c43.jpg,1,188.0376539,5.322647698,65.21052632,75.70175439,77.3245614
c44.jpg,1,183.5183246,3.931167973,31.62034384,38.06017192,38.46131805
c46.jpg,1,187.6668848,3.459326835,84.30701754,131.0701754,137.9210526
c47.jpg,1,188.2087447,4.004996879,89.58888889,123.5888889,128.9777778
c48.jpg,1,185.6193674,3.230769231,84.79710145,121.9637681,125.8043478
c49.jpg,1,178.8290398,3.388110084,74.34057971,111.4710145,110.7463768
c51.jpg,1,163.5528757,3.144299813,54.98445596,82.9119171,75.25647668
c52.jpg,1,187.8362573,3.84749269,39.66425993,49.32490975,50.77617329
c53.jpg,1,195.3852967,4.520946524,47.66307692,57.99538462,61.55846154
c54.jpg,1,183.0991159,3.75,37.68473896,45.86947791,46.31526104
c56.jpg,1,178.5311336,4.571428571,107.7857143,152.5238095,151.4285714
c57.jpg,1,170.339226,3.562493232,79.31081081,107.5945946,103.0405405
c58.jpg,1,175.0993377,4.257346591,87.08,114.26,112.04
c59.jpg,1,170.9053498,4.257346591,92.66,121.82,117.4
c61.jpg,1,171.1111111,3.224903099,87.92222222,106.2222222,103.5111111
c62.jpg,1,184.4491525,4.506939094,91.18,126.14,128.94
c63.jpg,1,196.2399415,3.272727273,79.79824561,123.5263158,139.754386
c64.jpg,1,190.5317806,2.575393768,63.48876404,96.5,103.5280899
c66.jpg,1,194.6520674,2.860712056,83.34269663,142.2865169,161.3314607
c67.jpg,1,185.2104208,3.11134591,81.60869565,121.2318841,125
c68.jpg,1,191.1545651,3.333333333,93.17391304,134.2028986,143.5724638
c69.jpg,1,177.9186603,4.249182928,78.57246377,96.74637681,96.11594203
c71.jpg,1,168.3391003,4.813891744,83.96491228,99.1754386,96.21929825
c72.jpg,1,173.1316015,4.031128874,64.32110092,80.38990826,78.55045872
c73.jpg,1,178.0849741,3.084597093,37.51036269,50.01036269,49.61139896
c74.jpg,1,174.3192292,4.418144407,56.12371134,68.42783505,67.2628866
c76.jpg,1,212.5106811,3.794003646,47.07751938,54.14341085,62.5
c77.jpg,1,189.3700787,4.596361954,47.20970537,58.35355286,60.41594454
c78.jpg,1,179.745601,4.229657197,50.78531073,64.11016949,64.05367232
c79.jpg,1,163.7743486,4.204759208,50.37288136,61.53954802,58.51977401
c81.jpg,1,168.4004603,4.678556283,58.15172414,70.13793103,67.82068966
c82.jpg,1,194.3384122,5.666666667,107.0952381,129.6904762,136.7857143
c83.jpg,1,195.5036496,5.666666667,99.45238095,111.547619,115.7619048
c84.jpg,1,202.2690438,4.857142857,110.047619,119.2857143,124.7380952
c86.jpg,1,202.7855711,5.666666667,75.26190476,90,99.02380952
c87.jpg,1,211.5039578,6.4,101.6111111,111.6111111,122.6666667
c88.jpg,1,189.9837662,4.5,97.52,118.06,122.16
c89.jpg,1,198.4563758,4.75,78.58,90.96,96.46
c91.jpg,1,188.6498353,3.666666667,55.42028986,72.36956522,75.22463768
c92.jpg,1,176.7958115,5.75,108.32,127.42,126.4
c93.jpg,1,184.9297297,5.130398391,89.39189189,100.8648649,101.8918919
c94.jpg,1,188.6498353,3.666666667,55.42028986,72.36956522,75.22463768
c96.jpg,1,188.8896189,3.836954811,66.60144928,85.39130435,88.65942029
c97.jpg,1,183.4419817,4.909049341,97.25675676,116.7972973,117.9864865
c98.jpg,1,194.9880287,4.617358552,71.82222222,82.26666667,85.74444444
c99.jpg,1,185.9717552,4.016494915,57.64035088,69.38596491,70.68421053
c101.jpg,1,176.2821159,4.310438685,69.87681159,84.26086957,83.36956522
c102.jpg,1,209.3051118,4.503085362,58.19565217,67.47826087,76.34057971
c103.jpg,1,165.0135257,4.040610178,74.91011236,99.83146067,93.60674157
c104.jpg,1,184.9159664,5.230769231,79.43478261,88.93478261,89.7826087
c106.jpg,1,166.1288576,4.416666667,55.07028112,69.90562249,66.47590361
c107.jpg,1,171.254417,4.5,81.04,103.68,100.38
c108.jpg,1,192.896,3.398572621,65.23188406,75.89855072,78.81884058
c109.jpg,1,191.9128329,5.003998401,76.9,87.93333333,90.66666667
c111.jpg,1,188.8604841,4.112612339,50.45172414,61.25862069,63.13103448
c112.jpg,1,188.7024329,5.111111111,47.65517241,57.10689655,58.71034483
c113.jpg,1,177.4919614,4.671954676,57.17241379,66.82413793,66.42068966
c114.jpg,1,185.2227979,4.219004622,39.51977401,46.98587571,47.69774011
c116.jpg,1,202.6315789,5,102.2619048,115.7857143,123.9761905
c117.jpg,1,206.0680666,2.727272727,59.71052632,66.56140351,71.8245614
c118.jpg,1,192.3317788,2.909090909,76.72807018,97.64912281,103.0614035
c119.jpg,1,186.7957406,3.555555556,91.36486486,103.7432432,105.3243243
c121.jpg,1,191.0444674,3.8,85.5,94.26666667,96.24444444
c122.jpg,1,189.2424242,3.230769231,62.92753623,72.63768116,74.4057971
c123.jpg,1,174.4529431,3.849229539,77.06521739,98.85507246,96.84057971
c124.jpg,1,174.1251133,4.002957487,80.5,96.48550725,94.92028986
c126.jpg,1,183.1594488,3.067859955,53.70155039,68.62403101,69.45348837
c127.jpg,1,171.3568129,3.644344934,69.4587156,85.34862385,83.05963303
c128.jpg,1,194.8288338,3.047619048,45.16321244,66.1865285,73.0880829
c129.jpg,1,179.4133283,2.84853468,39.16085791,53.28150134,53.14343164
c131.jpg,1,185.6979405,3.4,93.71111111,120.0777778,122.8444444
c132.jpg,1,178.9173913,2.860712056,70.04494382,95.88764045,95.42134831
c133.jpg,1,182.1829742,3.076923077,93.50724638,133.0434783,134.5362319
c134.jpg,1,191.0041765,3.002056908,62.27241379,93.2862069,100.2517241
c136.jpg,1,175.8255878,3.094810927,59.29844961,87.65503876,85.68217054
c137.jpg,1,176.6896552,3.061085137,64.94186047,94.72868217,93.08527132
c138.jpg,1,181.9844633,3.001666204,52.75988701,75.96610169,76.75988701
c139.jpg,1,162.2331359,3.264855246,57.72981366,79.22981366,72.86335404
c141.jpg,1,162.6141254,3.286490592,47.41833811,64.39684814,59.47707736
c142.jpg,1,157.6074565,3.214285714,49.58739255,68.18624642,61.24498567
c143.jpg,1,208.3162296,3.722222222,34.33882149,41.56239168,48.01819757
c144.jpg,1,216.2300985,3,26.53542393,31.83855981,39.92160279
c146.jpg,1,202.1386224,2.78627235,81.07971014,123.5,148.3043478
c147.jpg,1,189.0061371,2.761340254,71.86697248,117.6055046,125.6834862
c148.jpg,1,185.9697533,2.730041208,74.40825688,121.1146789,126.2752294
c149.jpg,1,183.7645306,4.124364269,79.89534884,128.6472868,131.9108527
c151.jpg,1,185.8182235,3.313546716,93.18539326,137.3932584,142.1404494
c152.jpg,1,197.3826142,2.8,61.2740113,99.22033898,114.6977401
c153.jpg,1,177.013604,2.96969697,39.33231084,58.27300613,57.33026585
c154.jpg,1,179.3768765,2.722222222,34.58925477,52.194974,52.01213172
c156.jpg,1,168.3509514,3.385637989,42.79624665,61.81769437,58.12466488
c157.jpg,1,163.1390398,3.321819194,42.01206434,60.27211796,55.14075067
c158.jpg,1,169.602649,3.041381265,43.13272311,61.79176201,58.5583524
c159.jpg,1,160.3539071,3.313217145,46.75737265,65.69571046,59.49463807
c161.jpg,1,166.5846065,3.506553631,49.72922636,69.51575931,65.09169054
c162.jpg,1,164.0480661,3.31106314,52.27747989,73.69571046,68.00134048
c163.jpg,1,169.8622881,4.019950248,53.38628159,77.24187726,73.21119134
c164.jpg,1,179.0559441,8,147.5,179.2777778,178.7777778
c166.jpg,1,203.9558418,5.343739847,102.9761905,118.5238095,128.8571429
c167.jpg,1,196.7137356,4.857142857,88.42857143,101.8095238,106.9761905
c168.jpg,1,185.3231106,5.458563764,101.952381,121.7619048,123.6904762
c169.jpg,1,196.0660445,3.622154055,61.44444444,72.77777778,76.92222222
c171.jpg,1,185.2742616,3.847798794,65.39130435,74.78985507,75.69565217
c172.jpg,1,185.7983193,3.591574625,70.49275362,81.39855072,82.56521739
c173.jpg,1,200.6576087,4.810289897,56,73.48550725,82.66666667
c174.jpg,1,202.2865627,4.464190193,71.35507246,89.76086957,100.6376812
c176.jpg,1,183.2708089,3.938767433,46.60843373,53.08634538,53.45983936
c177.jpg,1,197.2791519,4.107689107,43.01560178,51.69836553,55.2102526
c178.jpg,1,188.516129,4.2118419,48.8447205,55.86645963,57.02795031
c179.jpg,1,183.1900905,3.302510317,69.29844961,107.8139535,109.9767442
s10.jpg,2,100.556962,7.333333333,73.26190476,85.97619048,67.16666667
s100.jpg,2,90.67934783,7.017834424,101.08,123.66,79.5
s101.jpg,2,90.77862595,7.017834424,96.54,116.7,77.4
s102.jpg,2,99.03375248,9.339283817,113.6428571,137.047619,101.0714286
s104.jpg,2,96.07855974,10.8609016,117.452381,161.1904762,88.45238095
s105.jpg,2,105.0029475,7.402702209,81.63333333,124.0444444,67.5
s106.jpg,2,95.62713797,7.211102551,81.15555556,104.3,65.32222222
s107.jpg,2,92.24101882,8.283853102,62.06701031,76.63917526,49.52061856
s109.jpg,2,90.28368794,7.566372975,63.3440367,77.05504587,49.88990826
s11.jpg,2,55.83986793,8.910667764,130.8777778,127.1444444,77.03333333
s110.jpg,2,91.65297245,6.02303979,48.24534161,61.80434783,36.10248447
s111.jpg,2,88.74576271,8.027729719,72.64492754,88.00724638,55.94202899
s113.jpg,2,88.41757435,8.97765771,58.24534161,70.26397516,44.88819876
s115.jpg,2,87.16763006,8.409518417,118.1666667,131.2222222,102.3888889
s116.jpg,2,104.4347826,8.8,108.0555556,136.4444444,98.11111111
s117.jpg,2,80.80188679,8.409518417,155.7222222,163.8888889,140.3333333
s12.jpg,2,92.03119461,5.559998224,82.71621622,103.0675676,64.94594595
s121.jpg,2,81.39737991,8.027729719,79.89189189,89.82432432,61.97297297
s122.jpg,2,90.76388889,8.003085825,83.25675676,101.2162162,66.18918919
s123.jpg,2,90.18145161,7,66.71910112,83.53932584,50.1011236
s125.jpg,2,89.74188502,8.290638931,67.05617978,81.29775281,52.56741573
s126.jpg,2,86.89482471,8.695652174,50.63070539,61.77178423,36.91701245
s127.jpg,2,89.71664699,8.334999833,62.54347826,74.70289855,50.15217391
s128.jpg,2,86.21114948,7.594766183,76.8115942,89.64492754,60.26811594
s13.jpg,2,94.81561822,7.428571429,126.6428571,152.1190476,108.2142857
s130.jpg,2,91.84674989,6.731682966,58.68556701,71.39690722,47.44845361
s131.jpg,2,119.3367347,6.666666667,92.57142857,120.2619048,92.26190476
s132.jpg,2,106.4954376,5,74.88,120.74,61.56
s134.jpg,2,103.2627646,7.6,131.1111111,163.2777778,118.6666667
s135.jpg,2,96.34285714,5.714285714,73.95238095,106.7619048,52.5952381
s136.jpg,2,104.1534009,8.409518417,120.5,177,100.2222222
s137.jpg,2,104.1534009,8.409518417,120.5,177,100.2222222
s139.jpg,2,98.59399195,6.005206075,62.38,103.92,39.34
s14.jpg,2,106.0237389,7.428571429,94.92857143,131.8571429,83.71428571
s140.jpg,2,103.8163558,8.006941433,83.23809524,107.4761905,74.28571429
s141.jpg,2,107.4235808,8.027729719,80.26190476,106.1190476,73.4047619
s143.jpg,2,94.70665788,5.955597015,49.59310345,73.8,31.95172414
s144.jpg,2,94.82206831,8.439460279,66.95505618,94.25842697,47.21348315
s145.jpg,2,89.45290468,7.259691798,53.78899083,65.76605505,41.36697248
s146.jpg,2,87.49517064,7.254309064,59.12385321,68.91743119,47.54587156
s148.jpg,2,86.19679634,6.212889827,54.60451977,68.07909605,37.21751412
s149.jpg,2,85.96763858,6.930588565,56.69230769,68.91628959,40.6719457
s15.jpg,2,96.25033431,4.666666667,33.89130435,50.26086957,23.16666667
s150.jpg,2,91.57894737,7,66.30434783,86.23188406,48.36956522
s152.jpg,2,98.00569801,11,142.1111111,179.1666667,120.6666667
s153.jpg,2,88.98101898,7.04006392,104.88,124.22,84.18
s154.jpg,2,88.10472396,5.86434417,66.63043478,78.55797101,53.0942029
s155.jpg,2,81.25827815,10.63302518,111.3809524,121.5714286,92.80952381
s157.jpg,2,81.2179852,5.130398391,42.05517241,48.48275862,30.30689655
s158.jpg,2,86.40648454,7.77516077,64.27522936,77.72477064,47.16513761
s159.jpg,2,84.21368322,7.899762655,62.38990826,72.26605505,47.79357798
s16.jpg,2,98.16259753,7.555555556,97.85135135,132,78.31081081
s162.jpg,2,98.01862828,8.8,75.6,100.5444444,61.17777778
s164.jpg,2,104.1469445,10.28968177,111.2857143,160.8809524,93.47619048
s165.jpg,2,108.1922197,9.160696881,79.83333333,113.2619048,71.64285714
s167.jpg,2,105.4237288,5.614267539,119.8333333,127.2777778,117.4444444
s169.jpg,2,100.5106049,7.555555556,66.06756757,89.2972973,54.89189189
s17.jpg,2,95.83001988,6.181818182,66.78947368,87.86842105,52.57017544
s170.jpg,2,104.1972921,12.00462874,76.47619048,130.8809524,57.02380952
s171.jpg,2,85.60172228,9.339283817,60.36551724,74.03448276,42
s173.jpg,2,88.218111,10.66666667,109.2857143,132.2857143,83.38095238
s175.jpg,2,116.5927978,12.82497563,130.2222222,168.0555556,127.9444444
s18.jpg,2,97.41983045,6.802940541,65.97777778,84.77777778,54.63333333
s19.jpg,2,88.84542587,6.802940541,79.1,96.03333333,60.81111111
s20.jpg,2,94.23572296,7.011419257,84.32222222,110.4111111,64.68888889
s21.jpg,2,100.0824176,8.234225473,102.2972973,141.7297297,82.7027027
s22.jpg,2,90.03393665,7.298308443,67.35955056,82.2752809,52.47752809
s23.jpg,2,90.80693738,6.001153292,71.25968992,90.42248062,53.10077519
s25.jpg,2,90.8528989,5.609135406,39.28700361,50.90974729,28.30685921
s26.jpg,2,98.71743487,5.505678886,104.06,149.14,79.28
s27.jpg,2,98.37209302,7.340905182,101.0952381,132.5238095,83.38095238
s28.jpg,2,91.61190568,7.450517035,123.6190476,156.0714286,94.47619048
s3.jpg,2,92.67857143,7.007932014,89.28571429,103.8095238,77.14285714
s30.jpg,2,96.67826087,7.274999645,69.4122807,100.245614,49.80701754
s31.jpg,2,88.83076923,8.899993064,81.37837838,94.04054054,67.68918919
s32.jpg,2,84.22863191,7.889543584,64.30337079,72.87640449,51.64606742
s34.jpg,2,84.85735187,7.017834424,50.67431193,58.46788991,39.6559633
s35.jpg,2,84.55558307,6.111111111,61.59655172,72.99655172,45.14137931
s36.jpg,2,89.9302866,6.617173282,73.33333333,87.33333333,59.26811594
s37.jpg,2,88.95277207,5.739531533,71.62371134,91.00515464,50.84020619
s39.jpg,2,100.6646884,7,110.28,155.96,88.56
s4.jpg,2,89.625,7,92.54761905,111.3571429,73.26190476
s40.jpg,2,81.21767401,7.471427054,77.61340206,89.94845361,55.06701031
s42.jpg,2,89.47368421,8.009993758,128.2777778,137.6111111,118.6111111
s44.jpg,2,87.18461538,6.333333333,93.5,107.5238095,76.57142857
s45.jpg,2,91.99240987,10.5,142.9444444,158.5555556,129.2777778
s46.jpg,2,97.79886148,10.0124922,152.8888889,171.3333333,142.0555556
s47.jpg,2,90.69026549,9.2,140.8333333,156.8888889,125.5
s49.jpg,2,93.47391787,6.5,108.96,139.12,85.06
s5.jpg,2,87.15710723,11,145.3333333,165.5,120.9444444
s50.jpg,2,98.19971294,6.222222222,72.86486486,114.8243243,48.91891892
s51.jpg,2,97.69507803,7.719574906,109.0952381,146.4761905,86.97619048
s53.jpg,2,87.12468193,9.339283817,113.0714286,125.7619048,97.69047619
s54.jpg,2,84.46194226,9.006170724,123.9047619,135,107.7857143
s55.jpg,2,88.16015253,5.854245412,63.9057971,74.60869565,51.80434783
s56.jpg,2,85.91715976,8.444444444,116.0540541,132.8243243,94
s58.jpg,2,92.44733818,6.727272727,77.31578947,89.70175439,66.79824561
s59.jpg,2,86.0730897,7.665507159,94.15555556,108.6888889,75.24444444
s6.jpg,2,106.4795918,7.007932014,87.78571429,109.4761905,81.47619048
s60.jpg,2,88.82699518,6.315192539,72.41304348,85.41304348,58.35507246
s62.jpg,2,87.85399622,8.009993758,65.38659794,76.79381443,52.22164948
s63.jpg,2,85.0660066,7.847661997,73.9057971,84.91304348,58.56521739
s65.jpg,2,113.9495798,6.006798869,144,151.6428571,143.1428571
s66.jpg,2,95.00810373,12.56025477,125.2777778,145.2777778,111
s68.jpg,2,103.4410741,13.33749935,94.26190476,128.9285714,81.04761905
s69.jpg,2,81.46761134,9.333333333,90.87837838,100.4324324,73.72972973
s7.jpg,2,96.69014085,7.007932014,97.57142857,122.3809524,81.80952381
s70.jpg,2,85.57856273,9.25,124.58,138.58,105.74
s72.jpg,2,100.1076923,9.714285714,92.97619048,113.6666667,82.71428571
s73.jpg,2,88.01729463,8.003905297,109.72,124.84,92.46
s74.jpg,2,88.27160494,7.786205751,108.8,122.54,93.38
s75.jpg,2,80.94117647,8.930571205,112.9047619,125.6190476,89.19047619
s77.jpg,2,92.56528418,6.226189212,68.63513514,82.95945946,56.56756757
s78.jpg,2,82.21542228,9.055385138,114.8809524,129.2857143,90.38095238
s79.jpg,2,92.52525253,8.673074554,91.5,106.8333333,78.54761905
s8.jpg,2,107.1495085,4.888888889,44.95945946,65.48648649,39.36486486
s82.jpg,2,96.35782748,10.04987562,83.88888889,115.5,63.33333333
s84.jpg,2,100.1664685,11.01135777,119.2777778,150.5555556,103.8333333
s85.jpg,2,96.6864544,8.673074554,90.61904762,117.5952381,73.47619048
s86.jpg,2,91.43378329,6.8,64.43333333,80.38888889,49.93333333
s88.jpg,2,91.83152521,5.669117117,67.92753623,86,51.93478261
s89.jpg,2,86.56126482,7.885864012,57.71317829,71.17054264,40.77131783
s9.jpg,2,102.3640961,6.292204442,65.11904762,91.71428571,54.04761905
s90.jpg,2,83.95796848,5.84940176,40.37759336,47.94605809,28.99170124
s92.jpg,2,89.16145559,8.514693183,64.28514056,77.23895582,50.58634538
s93.jpg,2,84.79802143,8.309116687,77.00724638,87.9057971,61.53623188
s94.jpg,2,86.71373263,7.071696323,55.10309278,65.18041237,42.54639175
s95.jpg,2,104.0056417,8.438009244,103.5,132.3888889,93
s97.jpg,2,92.4742268,7.03167437,89.52380952,107.0238095,74.69047619
s98.jpg,2,84.92,8.027729719,89.83333333,104.6666667,68.95238095
s99.jpg,2,93.85390428,13.53698637,132.4444444,157.3333333,113.2222222
d10.jpg,3,66.05433376,5.662695092,95.47368421,99.57894737,58.89473684
d101.jpg,3,86.71994188,6.292204442,107.9047619,137.0952381,71.54761905
d102.jpg,3,69.69801182,4.002550207,35.0243553,37.17908309,23.84813754
d10.jpg,3,66.05433376,5.662695092,95.47368421,99.57894737,58.89473684
d100.jpg,3,73.43887147,4.004996879,109.1222222,125,54.11111111
d102.jpg,3,69.69801182,4.002550207,35.0243553,37.17908309,23.84813754
d103.jpg,3,66.73060157,5.41687738,50.2248062,51.72093023,38.38372093
d104.jpg,3,73.79956741,6.403124237,91.2,98.28888889,67.46666667
d10.jpg,3,66.05433376,5.662695092,95.47368421,99.57894737,58.89473684
d101.jpg,3,86.71994188,6.292204442,107.9047619,137.0952381,71.54761905
d102.jpg,3,69.69801182,4.002550207,35.0243553,37.17908309,23.84813754
d103.jpg,3,66.73060157,5.41687738,50.2248062,51.72093023,38.38372093
d104.jpg,3,73.79956741,6.403124237,91.2,98.28888889,67.46666667
d106.jpg,3,67.22716249,5.880287219,65.5257732,68.59793814,43.09278351
d107.jpg,3,79.69148936,6.577636819,118.0714286,132.7619048,88
d108.jpg,3,71.03123159,4.96903995,86.36486486,90.58108108,67.64864865
d109.jpg,3,73.39055794,4.219004622,65.51111111,70.71111111,47.41111111
d110.jpg,3,70.39548023,5.428571429,114.5952381,121.1666667,83.23809524
d111.jpg,3,69.73421927,6.333333333,125.6666667,132.6428571,89.64285714
d112.jpg,3,66.34384718,7.568616163,96.90540541,100.1216216,69.7027027
d113.jpg,3,77.24888669,9.558139186,93.5,109.2027027,54.58108108
d115.jpg,3,67.50215183,5.392005564,63.35062241,67.87136929,31.71576763
d116.jpg,3,67.76223776,6.588078459,50.28313253,52.51204819,35.28313253
d117.jpg,3,66.25,4.801041554,43.77118644,45.48022599,29.07344633
d118.jpg,3,64.78331971,4.876013762,61.53932584,63.73033708,36.24719101
d12.jpg,3,70.69559529,5.462554913,58.35862069,63.99655172,32.36896552
d120.jpg,3,69.74838246,5.344389582,120.08,129.12,73.48
d121.jpg,3,72.41868717,5.714285714,118.4761905,126.8095238,86.54761905
d122.jpg,3,73.6537348,5.25594901,133.84,149.56,80.48
d124.jpg,3,67.1964018,4.169998668,87.5942029,92.23188406,53.56521739
d125.jpg,3,66.35641317,5,91.34444444,94.45555556,65.08888889
d126.jpg,3,81.02120974,4.808846015,105.12,122.96,72.04
d127.jpg,3,68.27740215,4.233727016,39.58977556,42.36284289,22.26184539
d129.jpg,3,77.02956681,3.896159058,61.86645963,73.40372671,32.75465839
d13.jpg,3,67.52319109,7.086763875,72.8556701,77.03608247,43.69587629
d130.jpg,3,73.03879883,4.022893669,43.44412607,48.13037249,26.56590258
d131.jpg,3,71.74673367,4.418144407,41.69774011,44.44915254,30.39548023
d133.jpg,3,74.6743215,4.501110974,52.75988701,59.37853107,32.31638418
d134.jpg,3,65.4624909,3.805259518,88.54444444,91.32222222,60.81111111
d135.jpg,3,75.29457066,5.436085026,119.0238095,134.7857143,72.95238095
d136.jpg,3,78.75587189,4.503085362,83.60869565,99.52173913,48.61594203
d138.jpg,3,69.84212353,4.004130099,50.40723982,54.68552036,28.6040724
d139.jpg,3,67.67708819,4.249974557,80.84883721,86.1627907,44.63178295
d14.jpg,3,66.02674591,5.517241379,37.5924933,39.40482574,21.36193029
d140.jpg,3,66.63704527,3.375,88.32110092,93.80275229,44.24770642
d142.jpg,3,66.89967983,3.805259518,102.2222222,107.0111111,65.36666667
d143.jpg,3,70.24642204,3.503966007,111.2898551,122.7898551,55.44927536
d144.jpg,3,69.79279778,3.708377828,125.4035088,138.3245614,59.15789474
d145.jpg,3,82.20759494,2.936362073,84.37628866,110.7525773,39.48969072
d147.jpg,3,65.61906993,4.722711086,63.09927798,65.98555957,35.16606498
d148.jpg,3,69.5493867,4.818711054,54.03217158,58.98927614,27.84316354
d149.jpg,3,64.6542627,3.946009079,38.48613518,39.93847487,21.21577123
d15.jpg,3,64.07075527,4.518518519,36.47384615,37.37076923,24.15076923
d151.jpg,3,66.45691652,3.149699178,54.68049793,57.66804979,29.906639
d152.jpg,3,64.26672294,3.229875967,65.5,67.82413793,35.14137931
d153.jpg,3,66.14695341,2.45452467,60.53793103,64.0862069,29.45172414
d154.jpg,3,68.16957068,2.8,91.60309278,99.41752577,42.0257732
d156.jpg,3,67.83199059,6.74423936,69.72049689,74.19875776,39.89130435
d157.jpg,3,86.9717362,8.409518417,153.3333333,171.8888889,130.6111111
d158.jpg,3,71.98056156,5.880287219,87.74742268,97.27835052,49.54639175
d159.jpg,3,76.60600331,7.114582486,114.8783784,130.7027027,73.52702703
d160.jpg,3,77.5332651,6.444444444,76.97297297,84.68918919,58.28378378
d161.jpg,3,73.66795367,7.666666667,111.2619048,121.0952381,77.92857143
d162.jpg,3,64.74860335,5.335936865,71.54347826,73.39130435,50.04347826
d163.jpg,3,70.53113815,4.8,71.33505155,77.65463918,41.64948454
d165.jpg,3,67.5261324,4.923076923,77.27536232,81.44927536,48.17391304
d166.jpg,3,65.28659706,5.769743567,42.03924915,43.45051195,27.4334471
d167.jpg,3,69.20100322,4,66.63157895,70.38596491,45.90350877
d168.jpg,3,73.07446323,4.449996532,76.25675676,82.7027027,53.12162162
d17.jpg,3,64.26914153,4.245549594,45.33793103,46.28965517,32.9137931
d170.jpg,3,70.99873578,4.421052632,48.47515528,52.97826087,28.41304348
d171.jpg,3,82.04081633,9.5,147.6111111,162.6111111,121.7777778
d18.jpg,3,65.24353955,4.378304486,66.81395349,68.97674419,44.22868217
d2.jpg,3,82.88,8.009993758,135.6111111,151.5,109.8333333
d20.jpg,3,64.71544715,4.890640791,78.10674157,80.2247191,53.2752809
d21.jpg,3,65.70274069,3.377314022,61.22477064,63.70642202,37.59633028
d22.jpg,3,66.22275449,3.25,51.56422018,53.55045872,34.39908257
d24.jpg,3,68.45248108,4.449996532,81.18918919,85.71621622,53.58108108
d25.jpg,3,80.92105263,9.552486587,143.2222222,163.8333333,104.7222222
d26.jpg,3,73.71665133,4.75,111.4,121.34,77.86
d28.jpg,3,72.36074271,8.009993758,131.0555556,144,81.16666667
d3.jpg,3,81.56414763,7.6,152.3888889,175.1111111,111.8888889
d30.jpg,3,71.1439644,3.859787453,75.68539326,82.95505618,43.81460674
d31.jpg,3,67.12123626,5.430450802,78.80337079,82.98876404,47.7247191
d32.jpg,3,71.36070853,5.406900027,58.64137931,63.50689655,37.81034483
d34.jpg,3,67.81911614,4.751644452,35.89702517,38.07322654,21.37414188
d35.jpg,3,67.50212645,4.704253395,54.89265537,57.38418079,37.45762712
d36.jpg,3,65.84389593,4.437778448,90.87640449,94.97752809,52.87078652
d37.jpg,3,77.75706941,4.065578141,65,73.07894737,45.78070175
d39.jpg,3,81.15183246,6.333333333,123.7619048,138.1904762,97.26190476
d4.jpg,3,75.38979788,6.666666667,120.8095238,133.5,84.02380952
d40.jpg,3,98.14776275,7.6,128.3888889,162.3333333,108.9444444
d43.jpg,3,70.29893925,5.25594901,121.68,128.8,87.32
d45.jpg,3,74.12887828,5.60357029,95.46666667,105.3333333,63.43333333
d46.jpg,3,74.19569472,4.307692308,78.57971014,87.34057971,50.3115942
d47.jpg,3,71.63595123,5.60357029,93.21111111,100.8111111,61.62222222
d48.jpg,3,72.55970149,4.002221605,56.77319588,62.55670103,34.92783505
d5.jpg,3,82.66666667,5.25,112.6,126.54,89.64
d50.jpg,3,74.22381778,6.013318551,76.03608247,85.90721649,44.26804124
d51.jpg,3,69.77238934,5.888888889,55.35862069,60.26896552,30.12068966
d52.jpg,3,71.33489461,6.087577608,43.06846473,46.58298755,27.97925311
d54.jpg,3,65.18969923,5.144840887,78.33707865,80.80898876,52.23033708
d55.jpg,3,71.10093652,4.219004622,103.2777778,113.1555556,59.76666667
d56.jpg,3,74.94313499,3.337497399,81.95652174,92.9057971,48.94202899
d57.jpg,3,72.98098025,4.019950248,112.7222222,125.8666667,65.11111111
d59.jpg,3,85.39646321,5.142857143,110.0714286,127.7380952,86
d6.jpg,3,70.27995521,4.2,71.55555556,74.95555556,55.11111111
d61.jpg,3,89.19282511,10.0124922,144.1111111,168.2222222,118.6666667
d62.jpg,3,90.64189189,6.754628043,105.58,123.72,88.2
d64.jpg,3,69.47083584,7.568616163,108.6756757,115.7702703,70.82432432
d65.jpg,3,74.64322647,7.790465841,109.5135135,122.2702703,70
d66.jpg,3,75.56,5.714285714,54.36516854,60.92134831,35.64044944
d67.jpg,3,69.95901639,6.001481299,67.41752577,72.01030928,44.34020619
d69.jpg,3,66.13290633,5.264210421,42.94720497,44.13664596,32.5
d70.jpg,3,67.45890799,5.816195062,73.27981651,76.29816514,52.01834862
d71.jpg,3,69.05856833,5.632051136,85.5,89.36666667,63.75555556
d72.jpg,3,64.62857143,4.750568517,85.89189189,88.08108108,59.7027027
d74.jpg,3,71.61837456,5.150787536,106.5952381,113.1190476,79.42857143
d75.jpg,3,78.85375494,6.009252126,102.6904762,110.2619048,86.16666667
d76.jpg,3,82.27559055,3.654500226,58.24561404,66.51754386,44.23684211
d77.jpg,3,63.89509888,4.674279505,41.0723192,42.20199501,24.80049875
d79.jpg,3,67.85105772,4.301162634,54.76836158,58.6299435,29.11864407
d8.jpg,3,75.27154236,5.203844733,72.5,80.31111111,49.62222222
d80.jpg,3,69.07521802,4.422305587,64.65217391,69.82298137,35.63664596
d81.jpg,3,70.45996593,4.4,76.18041237,84.09278351,38.70618557
d83.jpg,3,68.452508,3.858441909,74.26086957,79.04347826,45.0942029
d84.jpg,3,73.75038145,3.298113252,51.74157303,55.96067416,37.5505618
d85.jpg,3,71.08732394,3.636363636,63.88596491,69.64035088,38.5
d86.jpg,3,71.92857143,4.5,134.76,148.12,80.92
d89.jpg,3,82.85444234,9.055385138,153.3888889,175.7777778,117
d9.jpg,3,67.4679803,5.466653228,76.79824561,80.12280702,53.4122807
d90.jpg,3,70.06296508,5.714285714,124.6428571,131.6190476,90.02380952
d91.jpg,3,76.22356495,8.438009244,126.3333333,136.2777778,99.5
d93.jpg,3,85.09724678,6.444444444,85.09459459,107.472973,53.97297297
d94.jpg,3,88.35295787,4.615384615,72.05797101,96.19565217,45.11594203
d95.jpg,3,70.10092146,5.462554913,56.21724138,60.1862069,36.61034483
d96.jpg,3,80.91642229,7.558822823,83.25675676,96.10810811,59.24324324
d27.jpg,3,83.34728033,4.756574398,109.92,132.24,74.88
d41.jpg,3,88.72964169,6.333333333,79.38095238,93.38095238,64.14285714
d42.jpg,3,94.74600871,6.342099197,94.76190476,113.7619048,80.95238095
d60.jpg,3,75.95581988,6.666666667,103.3809524,110.8333333,82.80952381
l10.jpg,4,60.96632504,8.444444444,113.2972973,113.8918919,76.97297297
l100.jpg,4,40.47109208,9.2,132.3333333,123.8888889,106.3888889
l101.jpg,4,61.63865546,10.07174265,145.8333333,146.5555556,120.1111111
l102.jpg,4,44.10339257,10.43072385,156.0555556,146.9444444,121.6666667
l104.jpg,4,48.59035005,10.35481638,113.6190476,108.8333333,88.45238095
l105.jpg,4,54.1170871,7.780951733,98.36486486,95.58108108,69.97297297
l106.jpg,4,51.25611746,8.669515201,104.1621622,100.5405405,79.31081081
l107.jpg,4,53.878327,5.71607115,70.60674157,67.89325843,44.01123596
l109.jpg,4,52.80943026,8,79.42134831,76.33707865,53.68539326
l11.jpg,4,55.26448363,6.266666667,80.60309278,78.18041237,49.90721649
l110.jpg,4,50.99150142,7.800845185,54.27018634,51.14285714,33.44099379
l111.jpg,4,50.58504456,10.80185169,93.98888889,89.48888889,65.31111111
l113.jpg,4,44.45659604,8.899993064,98.24324324,93.12162162,78.47297297
l114.jpg,4,46.58940397,7.336699564,105.1486486,97.85135135,72.5
l115.jpg,4,51.44751381,9.160696881,104.0238095,100.952381,82.47619048
l116.jpg,4,46.77631579,5.403702434,94.13333333,88.17777778,67.11111111
l12.jpg,4,56.86808948,8.627738396,88.07971014,86.60869565,59.89855072
l125.jpg,4,63.42342342,2.236067977,97.26,97.64,90.98
l127.jpg,4,54.84885127,11.54469575,185.5555556,181.6111111,139.6111111
l128.jpg,4,52.2829582,7.75403121,119.3,116.1,94.42
l13.jpg,4,46.5791411,5.778846055,76.23793103,69.95172414,48.13448276
l130.jpg,4,50.89962825,10.42759291,114.2380952,109.3809524,82.21428571
l131.jpg,4,49.2787343,8.221921916,97.13333333,92.86666667,73.25555556
l132.jpg,4,46.98512138,7.563537571,88.60144928,82.57971014,60.84057971
l134.jpg,4,49.57178841,8.960505423,70.96899225,66.95736434,47.8875969
l135.jpg,4,50.193978,8.104196724,50.68911917,47.7642487,32.79274611
l136.jpg,4,48.48192771,8.159649604,90.81884058,85.62318841,63.75362319
l137.jpg,4,50.79126876,9.529559276,101.04,96.54,71.72
l139.jpg,4,45.59390863,8.027729719,92.60810811,86.21621622,65.98648649
l14.jpg,4,50.91705448,8.2,107.3444444,101.2,66.75555556
l140.jpg,4,45.59340659,8.270130696,92.60810811,86.7027027,68.01351351
l141.jpg,4,45.77889447,8.533024083,84.78,79.12,60.9
l143.jpg,4,46.1369863,9.386751894,109.047619,103.0238095,82.97619048
l144.jpg,4,41.44167759,11.26410227,175.8333333,162.7222222,133.4444444
l145.jpg,4,46.97050938,8.339997335,131.0952381,121.452381,86.69047619
l15.jpg,4,47.22417428,7.2,93.38888889,86.65555556,61.76666667
l152.jpg,4,45.7514148,8.134426156,75.44329897,69.60309278,50.85051546
l153.jpg,4,46.84385382,9.47042179,94.68041237,88.21649485,65.20103093
l154.jpg,4,49.05117465,9.633275663,83.60824742,78.44329897,55.30412371
l155.jpg,4,50.65048016,7.878967255,76.89449541,72.94954128,51.57798165
l157.jpg,4,47.35679214,8.7348452,80.38596491,75.86842105,58.94736842
l158.jpg,4,48.73039582,9.335978461,113.7567568,106.9594595,77.56756757
l159.jpg,4,44.04507042,6.363636364,68.28070175,64.14035088,52.71052632
l16.jpg,4,55.03639974,8.590455073,128.3095238,125.3333333,92.33333333
l163.jpg,4,45.85516179,7.333333333,102,94.71428571,71.0952381
l164.jpg,4,55.05204163,7.673909622,126.1666667,123.7142857,96.42857143
l165.jpg,4,50.03273322,8.666666667,111.3809524,106.547619,82.28571429
l166.jpg,4,48.60132159,8.25378701,120.9,114,84.58
l168.jpg,4,49.18651685,9.172725271,92.73913043,86.92753623,60.49275362
l169.jpg,4,49.06661503,8.698060129,66.80275229,62.48623853,43.1146789
l170.jpg,4,50.22032374,10.41729331,64.72881356,60.63276836,39.59887006
l171.jpg,4,45.06064954,7.604676924,89.81443299,79.9742268,50.29381443
l173.jpg,4,45.63424947,7.802563681,83.83333333,78.8,62.81111111
l174.jpg,4,64.58762887,8.576189154,111.5714286,113.6904762,85.97619048
l175.jpg,4,51.09289617,7.428571429,95.88095238,92,69.73809524
l176.jpg,4,45.56065574,6.737093569,82.56140351,76.12280702,55.80701754
l2.jpg,4,62.27091633,6.699917081,94.54761905,95.45238095,71.54761905
l21.jpg,4,51.49038462,7.6,128.6111111,125.3333333,105.5
l22.jpg,4,38.25,6,88,81.78571429,70.85714286
l23.jpg,4,41.52892562,9.633275663,146.6666667,138.3888889,119.7777778
l25.jpg,4,47.31778426,7.443117626,87.77777778,82.94444444,64.91111111
l26.jpg,4,52.75590551,8.456132262,96.18918919,93.08108108,70.44594595
l27.jpg,4,47.14794304,9.168181693,95.11594203,87.26811594,58.47826087
l28.jpg,4,48.19299905,6.025665272,56.34482759,51.32413793,30.83103448
l3.jpg,4,44.1509434,8.158431222,132.5,123.9444444,100.1111111
l30.jpg,4,50.91154365,8.285714286,83.41011236,78.99438202,54.25842697
l31.jpg,4,50.57286807,8.174125429,81.01123596,76.28089888,50.90449438
l32.jpg,4,50.08707301,8.681077762,90.42028986,85.05797101,57.96376812
l34.jpg,4,48.17574512,7.350359024,81.72463768,76.16666667,53.52173913
l35.jpg,4,55.22761381,6.903210919,88.71621622,86.56756757,61.7027027
l36.jpg,4,47.69837358,7.202777242,88.42222222,83.8,65.87777778
l37.jpg,4,51.02040816,8.003905297,100.28,96.76,76.76
l39.jpg,4,54.48379804,7.695597587,111,108.0952381,79.4047619
l4.jpg,4,61.36511376,10,156.3333333,157.5,106.2222222
l40.jpg,4,50.17881706,7,94.52380952,91.69047619,77.21428571
l41.jpg,4,57.30215827,8.409518417,169.8333333,168.4444444,138.9444444
l43.jpg,4,83.77358491,9.732420048,131.3888889,143.0555556,113.6111111
l44.jpg,4,52.50731707,8.875556895,103.0238095,99.97619048,78.61904762
l45.jpg,4,53.38582677,8.284020763,108.72,106.2,85.86
l46.jpg,4,56.3378119,6.002754189,73.85964912,72.46491228,51.00877193
l48.jpg,4,50.19435737,4.963534849,52.06976744,49.03875969,33.52325581
l49.jpg,4,53.19349315,6.776220168,93.51449275,89.67391304,59.65942029
l5.jpg,4,50.83372147,6.880911188,126.1190476,118.3095238,75
l50.jpg,4,55.04574076,7.655199287,75.25968992,72.56589147,42.63565891
l52.jpg,4,47.88003528,9.180292903,79.1884058,74.21014493,54.54347826
l53.jpg,4,47.007831,8.313388361,103.9782609,95.36231884,64.1884058
l54.jpg,4,48.76051074,5.893080269,59.65862069,55.51034483,37.5137931
l55.jpg,4,46.06616862,8.320502943,96.2173913,88.33333333,62.26811594
l57.jpg,4,47.66871166,7.6,85.18888889,80.72222222,63.45555556
l58.jpg,4,52.93875686,5.636363636,84.99122807,80.47368421,46.60526316
l59.jpg,4,51.96192245,6.003332408,119.7444444,113.3333333,71.88888889
l6.jpg,4,48.39914414,5.094154809,101.2894737,92.57017544,56.19298246
l61.jpg,4,63.65688488,9.60832972,179,182,132.7777778
l62.jpg,4,52.32931727,6.333333333,95.5952381,91.04761905,60.02380952
l63.jpg,4,40.76190476,7,104.3809524,92.35714286,66.88095238
l64.jpg,4,59.14379802,8.438009244,153.2777778,152.5555556,102.6666667
l66.jpg,4,42.08253726,4.336537277,84.86231884,73.53623188,46.93478261
l67.jpg,4,42.90169699,6.585734646,124.0175439,107.6666667,66.64035088
l68.jpg,4,45.51307847,5.587887776,106.9438202,93.46067416,51.1011236
l69.jpg,4,49.45617136,7.055773063,71.45652174,66.20807453,41.59006211
l70.jpg,4,47.81497101,6.89694869,66.04827586,60.73448276,39.88275862
l71.jpg,4,45.6744186,7.818181818,79.80701754,73.05263158,51.51754386
l72.jpg,4,48.97674419,7.402702209,106.1666667,99.14444444,67.94444444
l73.jpg,4,45.23776706,5.8,94.92222222,86.98888889,62.67777778
l75.jpg,4,52.04983012,6.577636819,123.7380952,118.1666667,81.69047619
l76.jpg,4,61.82116489,6.285714286,97.16666667,98.04761905,69.02380952
l77.jpg,4,50,10.5,152.5555556,146.4444444,115.8888889
l78.jpg,4,45.73160173,8.183838134,86.14912281,78.92105263,55.75438596
l80.jpg,4,46.66666667,10.5,121.8888889,116.8888889,99.38888889
l81.jpg,4,63.33333333,11.04536102,113.8888889,114.7777778,98.77777778
l82.jpg,4,49.16243655,8.673074554,135.6666667,125.5,79.38095238
l83.jpg,4,55.12,5.076923077,81.44202899,78.78985507,48.83333333
l85.jpg,4,46.41948495,5.579940329,85.2515528,76.18944099,45.21428571
l86.jpg,4,47.72161172,10.13421049,68.78865979,64.46907216,47.68041237
l87.jpg,4,44.54794521,8.673074554,89.49275362,81.31884058,57.75362319
l88.jpg,4,45.90995261,8.16836717,89.06521739,81.88405797,58.48550725
l9.jpg,4,56.31055901,9.003471553,122.3,120.32,90.1
l90.jpg,4,43.96694215,6.670369342,130.3378378,114.6081081,71.47297297
l91.jpg,4,42.9722307,6.222222222,119.3783784,106.8108108,75.09459459
l92.jpg,4,42.42779783,8.359957469,157.4285714,141.9761905,104.6666667
l94.jpg,4,41.09356015,7.340905182,155.952381,137.4285714,97.16666667
l95.jpg,4,56.19442798,7.007932014,119.452381,116.9047619,79.28571429
l96.jpg,4,52.67387944,8.409518417,133,128.6111111,97.05555556
l97.jpg,4,67.28697356,7.340905182,93.76190476,96.71428571,72.4047619
l99.jpg,4,41.02296451,7.071067812,91.33333333,84.11904762,68.52380952